bank,rating,mean_sentiment_score
Combanketh,1,0.9627109716335932
Combanketh,2,0.9806203166643779
Combanketh,3,0.9762338314737592
Combanketh,4,0.95559361577034
Combanketh,5,0.9743969619706057
boa,1,0.9761315958528984
boa,2,0.9356263930147345
boa,3,0.9618920433905817
boa,4,0.9559302785817314
boa,5,0.959053512683696
dashen,1,0.9951373158079205
dashen,2,0.9575958847999573
dashen,3,0.9974368052049116
dashen,4,0.9741374798443007
dashen,5,0.9848002930544905
